{
	"info": {
		"_postman_id": "0ba4e94b-935f-4df3-89c7-770c6e6d1007",
		"name": "TrafegoPostman",
		"schema": "https://schema.getpostman.com/json/collection/v2.1.0/collection.json",
		"_exporter_id": "25601655"
	},
	"item": [
		{
			"name": "cruzamentos",
			"item": [
				{
					"name": "cruzamentosGet(all)",
					"request": {
						"method": "GET",
						"header": [
							{
								"key": "Content-Type",
								"value": "application/json",
								"disabled": true
							}
						],
						"url": {
							"raw": "http://localhost:8080/api/cruzamentos",
							"protocol": "http",
							"host": [
								"localhost"
							],
							"port": "8080",
							"path": [
								"api",
								"cruzamentos"
							]
						}
					},
					"response": []
				},
				{
					"name": "cruzamentosGet(ID)",
					"request": {
						"method": "GET",
						"header": [
							{
								"key": "Content-Type",
								"value": "application/json",
								"disabled": true
							}
						],
						"url": {
							"raw": "http://localhost:8080/api/cruzamentos/{id}",
							"protocol": "http",
							"host": [
								"localhost"
							],
							"port": "8080",
							"path": [
								"api",
								"cruzamentos",
								"{id}"
							]
						}
					},
					"response": []
				},
				{
					"name": "cruzamentosCreate",
					"request": {
						"method": "POST",
						"header": [
							{
								"key": "Content-Type",
								"value": "application/json"
							}
						],
						"body": {
							"mode": "raw",
							"raw": "{\"logradouro1\":\"String\", \"logradouro2\":\"String\"}",
							"options": {
								"raw": {
									"language": "json"
								}
							}
						},
						"url": {
							"raw": "http://localhost:8080/api/cruzamentos",
							"protocol": "http",
							"host": [
								"localhost"
							],
							"port": "8080",
							"path": [
								"api",
								"cruzamentos"
							]
						}
					},
					"response": []
				},
				{
					"name": "cruzamentosDelete",
					"request": {
						"method": "DELETE",
						"header": [
							{
								"key": "Content-Type",
								"value": "application/json"
							}
						],
						"url": {
							"raw": "http://localhost:8080/api/cruzamentos/{id}",
							"protocol": "http",
							"host": [
								"localhost"
							],
							"port": "8080",
							"path": [
								"api",
								"cruzamentos",
								"{id}"
							]
						}
					},
					"response": []
				}
			]
		},
		{
			"name": "HorarioPico",
			"item": [
				{
					"name": "horariosPicoGet(all)",
					"request": {
						"method": "GET",
						"header": [
							{
								"key": "Content-Type",
								"value": "application/json",
								"disabled": true
							}
						],
						"url": {
							"raw": "http://localhost:8080/api/horariosPico",
							"protocol": "http",
							"host": [
								"localhost"
							],
							"port": "8080",
							"path": [
								"api",
								"horariosPico"
							]
						}
					},
					"response": []
				},
				{
					"name": "horariosPicoGet(ID)",
					"request": {
						"method": "GET",
						"header": [
							{
								"key": "Content-Type",
								"value": "application/json",
								"disabled": true
							}
						],
						"url": {
							"raw": "http://localhost:8080/api/horariosPico/{id}",
							"protocol": "http",
							"host": [
								"localhost"
							],
							"port": "8080",
							"path": [
								"api",
								"horariosPico",
								"{id}"
							]
						}
					},
					"response": []
				},
				{
					"name": "horariosPicoCreate",
					"request": {
						"method": "POST",
						"header": [
							{
								"key": "Content-Type",
								"value": "application/json"
							}
						],
						"body": {
							"mode": "raw",
							"raw": "{\"horaInicio\":\"TIMESTAMP ZULU\", \"horaTermino\":\"TIMESTAMP ZULU\"}",
							"options": {
								"raw": {
									"language": "json"
								}
							}
						},
						"url": {
							"raw": "http://localhost:8080/api/horariosPico/{id}",
							"protocol": "http",
							"host": [
								"localhost"
							],
							"port": "8080",
							"path": [
								"api",
								"horariosPico",
								"{id}"
							]
						}
					},
					"response": []
				},
				{
					"name": "horariosPicoDelete",
					"request": {
						"method": "DELETE",
						"header": [
							{
								"key": "Content-Type",
								"value": "application/json"
							}
						],
						"url": {
							"raw": "http://localhost:8080/api/horariosPico/{id}",
							"protocol": "http",
							"host": [
								"localhost"
							],
							"port": "8080",
							"path": [
								"api",
								"horariosPico",
								"{id}"
							]
						}
					},
					"response": []
				}
			]
		},
		{
			"name": "Previsao",
			"item": [
				{
					"name": "previsaoGet(all)",
					"request": {
						"method": "GET",
						"header": [
							{
								"key": "Content-Type",
								"value": "application/json",
								"disabled": true
							}
						],
						"url": {
							"raw": "http://localhost:8080/api/previsoes",
							"protocol": "http",
							"host": [
								"localhost"
							],
							"port": "8080",
							"path": [
								"api",
								"previsoes"
							]
						}
					},
					"response": []
				},
				{
					"name": "previsaoGet(ID)",
					"request": {
						"method": "GET",
						"header": [
							{
								"key": "Content-Type",
								"value": "application/json",
								"disabled": true
							}
						],
						"url": {
							"raw": "http://localhost:8080/api/previsoes/{id}",
							"protocol": "http",
							"host": [
								"localhost"
							],
							"port": "8080",
							"path": [
								"api",
								"previsoes",
								"{id}"
							]
						}
					},
					"response": []
				},
				{
					"name": "previsaoCreate",
					"request": {
						"method": "POST",
						"header": [
							{
								"key": "Content-Type",
								"value": "application/json"
							}
						],
						"body": {
							"mode": "raw",
							"raw": "{\"hora\":\"TIMESTAMP ZULU\", \"numeroCarros\":\"INT\", \"melhorAlternativa\":\"BOOLEAN\"}",
							"options": {
								"raw": {
									"language": "json"
								}
							}
						},
						"url": {
							"raw": "http://localhost:8080/api/previsoes/{id}",
							"protocol": "http",
							"host": [
								"localhost"
							],
							"port": "8080",
							"path": [
								"api",
								"previsoes",
								"{id}"
							]
						}
					},
					"response": []
				},
				{
					"name": "previsaoDelete(id)",
					"request": {
						"method": "DELETE",
						"header": [
							{
								"key": "Content-Type",
								"value": "application/json"
							}
						],
						"url": {
							"raw": "http://localhost:8080/api/previsoes/{id}",
							"protocol": "http",
							"host": [
								"localhost"
							],
							"port": "8080",
							"path": [
								"api",
								"previsoes",
								"{id}"
							]
						}
					},
					"response": []
				}
			]
		},
		{
			"name": "Registro",
			"item": [
				{
					"name": "registroGet(all)",
					"request": {
						"method": "GET",
						"header": [
							{
								"key": "Content-Type",
								"value": "application/json",
								"disabled": true
							}
						],
						"url": {
							"raw": "http://localhost:8080/api/registros",
							"protocol": "http",
							"host": [
								"localhost"
							],
							"port": "8080",
							"path": [
								"api",
								"registros"
							]
						}
					},
					"response": []
				},
				{
					"name": "registroGet(id)",
					"request": {
						"method": "GET",
						"header": [
							{
								"key": "Content-Type",
								"value": "application/json",
								"disabled": true
							}
						],
						"url": {
							"raw": "http://localhost:8080/api/registros/{id}",
							"protocol": "http",
							"host": [
								"localhost"
							],
							"port": "8080",
							"path": [
								"api",
								"registros",
								"{id}"
							]
						}
					},
					"response": []
				},
				{
					"name": "registroCreate",
					"request": {
						"method": "POST",
						"header": [
							{
								"key": "Content-Type",
								"value": "application/json"
							}
						],
						"body": {
							"mode": "raw",
							"raw": "{\"dt_hora_abertura\":\"TIMESTAMP ZULU\", \"horaFechamento\":\"TIMESTAMP ZULU\", \"numeroCarros\":\"INT\"}",
							"options": {
								"raw": {
									"language": "json"
								}
							}
						},
						"url": {
							"raw": "http://localhost:8080/api/registros/{id}",
							"protocol": "http",
							"host": [
								"localhost"
							],
							"port": "8080",
							"path": [
								"api",
								"registros",
								"{id}"
							]
						}
					},
					"response": []
				},
				{
					"name": "registroDelete",
					"request": {
						"method": "DELETE",
						"header": [
							{
								"key": "Content-Type",
								"value": "application/json"
							}
						],
						"url": {
							"raw": "http://localhost:8080/api/registros/{id}",
							"protocol": "http",
							"host": [
								"localhost"
							],
							"port": "8080",
							"path": [
								"api",
								"registros",
								"{id}"
							]
						}
					},
					"response": []
				}
			]
		}
	]
}